Thibaut, Martel, thibaut@martel.fr, 5
Susanne, Vasseur, susanne@vasseur.fr, 2
Patrick, Lacombe, patrick@lacombe.fr, 1
Roland, Guyot, roland@guyot.fr, 0
Margaux, Hernandez, margaux@hernandez.fr, 2
Lucie, Hoarau, lucie@hoarau.fr, 4
Jérôme, Weiss, jerome@weiss.fr, 3
Anne, Carre, anne@carre.fr, 2 
Maurice, Diaz, maurice@diaz.fr, 2
Édith, Samson, edith@samson.fr, 3
Daniel, Henry, daniel@henry.fr, 2
Chantal, Vidal, chantal@vidal.fr, 3
Martine, Roux, martine@roux.fr, 0
Gilbert, Joubert, gilbert@joubert.fr, 2
Denise, Lefevre, denise@lefevre.fr, 0
Raymond, Cordier, raymond@cordier.fr, 1
Stéphanie, Mary, stephanie@mary.fr, 2
Robert, Leblanc, robert@leblanc.fr, 3
Marcelle, Brunet, marcelle@brunet.fr, 2
Noémi, Chevallier, noemi@chevallier.fr, 2